{
    "q_liq": [
        0,
        10,
        20,
        30,
        40,
        50,
        60,
        70,
        80,
        90,
        100,
        110,
        120,
        130,
        140,
        150,
        160,
        170,
        180,
        190,
        200,
        210,
        220,
        230,
        240,
        250,
        260,
        270,
        280,
        290,
        300,
        310,
        320,
        330,
        340,
        350,
        360,
        370,
        380,
        390,
        400
    ],
    "p_wf": [
        360.44495210983325,
        360.43741731555235,
        360.41690773662134,
        360.3859984355869,
        360.3442678457884,
        360.29180059490557,
        360.228644126773,
        360.15482841183024,
        360.0703739478703,
        359.97529557300015,
        359.86960449666236,
        359.75330947335243,
        359.62641752477225,
        359.488934406854,
        359.34086492432573,
        359.1822131498777,
        359.01298258129447,
        358.8331762569088,
        358.64279684224874,
        358.44184669628834,
        358.23032792293736,
        358.00824241164594,
        357.77559186984377,
        357.53237784916183,
        357.27860176685147,
        357.014264923452,
        356.73936851748664,
        356.4539136577928,
        356.15790137393503,
        355.85133262506497,
        355.5342083075051,
        355.2065292612757,
        354.8682962757475,
        354.51951009455695,
        354.16017141990255,
        353.7902809163179,
        353.409839213996,
        353.01884691173296,
        352.6173045795379,
        352.20521276096594,
        351.78257197519696
    ]
}
